[
  {"state": "Karnataka", "district": "Bengaluru Urban", "lat": 12.9716, "lon": 77.5946},
  {"state": "Karnataka", "district": "Mysore", "lat": 12.2958, "lon": 76.6394},
  {"state": "Karnataka", "district": "Mangalore", "lat": 12.9141, "lon": 74.8560},
  {"state": "Karnataka", "district": "Hubli", "lat": 15.3647, "lon": 75.1240},
  {"state": "Karnataka", "district": "Belgaum", "lat": 15.8497, "lon": 74.4977},
  {"state": "Karnataka", "district": "Davangere", "lat": 14.4644, "lon": 75.9219},
  {"state": "Karnataka", "district": "Bellary", "lat": 15.1394, "lon": 76.9214},
  {"state": "Karnataka", "district": "Bijapur", "lat": 16.8244, "lon": 75.7154},
  {"state": "Karnataka", "district": "Shimoga", "lat": 13.9299, "lon": 75.5681},
  {"state": "Karnataka", "district": "Tumkur", "lat": 13.3409, "lon": 77.1010},
  {"state": "Karnataka", "district": "Raichur", "lat": 16.2076, "lon": 77.3463},
  {"state": "Karnataka", "district": "Bidar", "lat": 17.9104, "lon": 77.5199},
  {"state": "Karnataka", "district": "Hospet", "lat": 15.2695, "lon": 76.3871},
  {"state": "Karnataka", "district": "Gadag", "lat": 15.4313, "lon": 75.6319},
  {"state": "Karnataka", "district": "Chitradurga", "lat": 14.2264, "lon": 76.4008},
  {"state": "Karnataka", "district": "Hassan", "lat": 13.0033, "lon": 76.1004},
  {"state": "Karnataka", "district": "Udupi", "lat": 13.3409, "lon": 74.7421},
  {"state": "Karnataka", "district": "Mandya", "lat": 12.5222, "lon": 76.8977},
  {"state": "Karnataka", "district": "Chamrajnagar", "lat": 11.9271, "lon": 76.9436},
  {"state": "Karnataka", "district": "Kolar", "lat": 13.1367, "lon": 78.1297},
  {"state": "Maharashtra", "district": "Mumbai", "lat": 19.0760, "lon": 72.8777},
  {"state": "Maharashtra", "district": "Pune", "lat": 18.5204, "lon": 73.8567},
  {"state": "Maharashtra", "district": "Nagpur", "lat": 21.1458, "lon": 79.0882},
  {"state": "Maharashtra", "district": "Nashik", "lat": 19.9975, "lon": 73.7898},
  {"state": "Maharashtra", "district": "Aurangabad", "lat": 19.8762, "lon": 75.3433},
  {"state": "Tamil Nadu", "district": "Chennai", "lat": 13.0827, "lon": 80.2707},
  {"state": "Tamil Nadu", "district": "Coimbatore", "lat": 11.0168, "lon": 76.9558},
  {"state": "Tamil Nadu", "district": "Madurai", "lat": 9.9252, "lon": 78.1198},
  {"state": "Tamil Nadu", "district": "Tiruchirappalli", "lat": 10.7905, "lon": 78.7047},
  {"state": "Tamil Nadu", "district": "Salem", "lat": 11.6643, "lon": 78.1460},
  {"state": "Tamil Nadu", "district": "Tirunelveli", "lat": 8.7139, "lon": 77.7567},
  {"state": "Tamil Nadu", "district": "Erode", "lat": 11.3410, "lon": 77.7172},
  {"state": "Tamil Nadu", "district": "Vellore", "lat": 12.9165, "lon": 79.1325},
  {"state": "Tamil Nadu", "district": "Thoothukudi", "lat": 8.7642, "lon": 78.1348},
  {"state": "Tamil Nadu", "district": "Dindigul", "lat": 10.3629, "lon": 77.9750},
  {"state": "Tamil Nadu", "district": "Thanjavur", "lat": 10.7867, "lon": 79.1378},
  {"state": "Tamil Nadu", "district": "Tiruppur", "lat": 11.1085, "lon": 77.3411},
  {"state": "Tamil Nadu", "district": "Kanchipuram", "lat": 12.8342, "lon": 79.7036},
  {"state": "Tamil Nadu", "district": "Nagercoil", "lat": 8.1773, "lon": 77.4343},
  {"state": "Tamil Nadu", "district": "Karur", "lat": 10.9601, "lon": 78.0766},
  {"state": "Tamil Nadu", "district": "Hosur", "lat": 12.7403, "lon": 77.8253},
  {"state": "Tamil Nadu", "district": "Namakkal", "lat": 11.2212, "lon": 78.1652},
  {"state": "Tamil Nadu", "district": "Sivakasi", "lat": 9.4492, "lon": 77.7974},
  {"state": "Tamil Nadu", "district": "Cuddalore", "lat": 11.7568, "lon": 79.7668},
  {"state": "Tamil Nadu", "district": "Pollachi", "lat": 10.6589, "lon": 77.0083},
  {"state": "Uttar Pradesh", "district": "Lucknow", "lat": 26.8467, "lon": 80.9462},
  {"state": "Uttar Pradesh", "district": "Kanpur", "lat": 26.4499, "lon": 80.3319},
  {"state": "Uttar Pradesh", "district": "Agra", "lat": 27.1767, "lon": 78.0081},
  {"state": "Uttar Pradesh", "district": "Varanasi", "lat": 25.3176, "lon": 82.9739},
  {"state": "Uttar Pradesh", "district": "Allahabad", "lat": 25.4358, "lon": 81.8463},
  {"state": "West Bengal", "district": "Kolkata", "lat": 22.5726, "lon": 88.3639},
  {"state": "West Bengal", "district": "Howrah", "lat": 22.5958, "lon": 88.2636},
  {"state": "West Bengal", "district": "Durgapur", "lat": 23.5204, "lon": 87.3119},
  {"state": "West Bengal", "district": "Asansol", "lat": 23.6889, "lon": 86.9894},
  {"state": "West Bengal", "district": "Siliguri", "lat": 26.7271, "lon": 88.3953},
  {"state": "Gujarat", "district": "Ahmedabad", "lat": 23.0225, "lon": 72.5714},
  {"state": "Gujarat", "district": "Surat", "lat": 21.1702, "lon": 72.8311},
  {"state": "Gujarat", "district": "Vadodara", "lat": 22.3072, "lon": 73.1812},
  {"state": "Gujarat", "district": "Rajkot", "lat": 22.3039, "lon": 70.8022},
  {"state": "Gujarat", "district": "Bhavnagar", "lat": 21.7645, "lon": 72.1519},
  {"state": "Rajasthan", "district": "Jaipur", "lat": 26.9124, "lon": 75.7873},
  {"state": "Rajasthan", "district": "Jodhpur", "lat": 26.2389, "lon": 73.0243},
  {"state": "Rajasthan", "district": "Kota", "lat": 25.2138, "lon": 75.8648},
  {"state": "Rajasthan", "district": "Bikaner", "lat": 28.0229, "lon": 73.3119},
  {"state": "Rajasthan", "district": "Ajmer", "lat": 26.4499, "lon": 74.6399},
  {"state": "Madhya Pradesh", "district": "Bhopal", "lat": 23.2599, "lon": 77.4126},
  {"state": "Madhya Pradesh", "district": "Indore", "lat": 22.7196, "lon": 75.8577},
  {"state": "Madhya Pradesh", "district": "Gwalior", "lat": 26.2183, "lon": 78.1828},
  {"state": "Madhya Pradesh", "district": "Jabalpur", "lat": 23.1815, "lon": 79.9864},
  {"state": "Madhya Pradesh", "district": "Ujjain", "lat": 23.1765, "lon": 75.7885},
  {"state": "Andhra Pradesh", "district": "Visakhapatnam", "lat": 17.6868, "lon": 83.2185},
  {"state": "Andhra Pradesh", "district": "Vijayawada", "lat": 16.5062, "lon": 80.6480},
  {"state": "Andhra Pradesh", "district": "Guntur", "lat": 16.3067, "lon": 80.4365},
  {"state": "Andhra Pradesh", "district": "Nellore", "lat": 14.4426, "lon": 79.9865},
  {"state": "Andhra Pradesh", "district": "Rajahmundry", "lat": 17.0005, "lon": 81.8040},
  {"state": "Andhra Pradesh", "district": "Tirupati", "lat": 13.6288, "lon": 79.4192},
  {"state": "Andhra Pradesh", "district": "Kakinada", "lat": 16.9604, "lon": 82.2382},
  {"state": "Andhra Pradesh", "district": "Kurnool", "lat": 15.8281, "lon": 78.0373},
  {"state": "Andhra Pradesh", "district": "Anantapur", "lat": 14.6819, "lon": 77.6006},
  {"state": "Andhra Pradesh", "district": "Kadapa", "lat": 14.4664, "lon": 78.8238},
  {"state": "Andhra Pradesh", "district": "Eluru", "lat": 16.7104, "lon": 81.1044},
  {"state": "Andhra Pradesh", "district": "Ongole", "lat": 15.5036, "lon": 80.0444},
  {"state": "Andhra Pradesh", "district": "Chittoor", "lat": 13.2189, "lon": 79.0967},
  {"state": "Andhra Pradesh", "district": "Machilipatnam", "lat": 16.1875, "lon": 81.1389},
  {"state": "Andhra Pradesh", "district": "Srikakulam", "lat": 18.2969, "lon": 83.8963},
  {"state": "Andhra Pradesh", "district": "Vizianagaram", "lat": 18.1067, "lon": 83.3956},
  {"state": "Andhra Pradesh", "district": "Tenali", "lat": 16.2430, "lon": 80.6404},
  {"state": "Andhra Pradesh", "district": "Proddatur", "lat": 14.7500, "lon": 78.5500},
  {"state": "Andhra Pradesh", "district": "Chilakaluripet", "lat": 16.0892, "lon": 80.1676},
  {"state": "Andhra Pradesh", "district": "Bhimavaram", "lat": 16.5408, "lon": 81.5232},
  {"state": "Telangana", "district": "Hyderabad", "lat": 17.3850, "lon": 78.4867},
  {"state": "Telangana", "district": "Warangal", "lat": 18.0000, "lon": 79.5881},
  {"state": "Telangana", "district": "Nizamabad", "lat": 18.6715, "lon": 78.0988},
  {"state": "Telangana", "district": "Karimnagar", "lat": 18.4386, "lon": 79.1288},
  {"state": "Kerala", "district": "Kochi", "lat": 9.9312, "lon": 76.2673},
  {"state": "Kerala", "district": "Thiruvananthapuram", "lat": 8.5241, "lon": 76.9366},
  {"state": "Kerala", "district": "Kozhikode", "lat": 11.2588, "lon": 75.7804},
  {"state": "Kerala", "district": "Thrissur", "lat": 10.5276, "lon": 76.2144},
  {"state": "Kerala", "district": "Palakkad", "lat": 10.7867, "lon": 76.6548},
  {"state": "Kerala", "district": "Kollam", "lat": 8.8932, "lon": 76.6141},
  {"state": "Kerala", "district": "Alappuzha", "lat": 9.4981, "lon": 76.3388},
  {"state": "Kerala", "district": "Kannur", "lat": 11.8745, "lon": 75.3704},
  {"state": "Kerala", "district": "Kottayam", "lat": 9.5916, "lon": 76.5222},
  {"state": "Kerala", "district": "Malappuram", "lat": 11.0404, "lon": 76.0819},
  {"state": "Kerala", "district": "Ernakulam", "lat": 9.9312, "lon": 76.2673},
  {"state": "Kerala", "district": "Pathanamthitta", "lat": 9.2647, "lon": 76.7870},
  {"state": "Kerala", "district": "Idukki", "lat": 9.8497, "lon": 76.9398},
  {"state": "Kerala", "district": "Wayanad", "lat": 11.6854, "lon": 76.1320},
  {"state": "Kerala", "district": "Kasargod", "lat": 12.4996, "lon": 74.9899},
  {"state": "Kerala", "district": "Kasaragod", "lat": 12.4996, "lon": 74.9899},
  {"state": "Kerala", "district": "Manjeri", "lat": 11.1201, "lon": 76.1194},
  {"state": "Kerala", "district": "Thalassery", "lat": 11.7480, "lon": 75.4884},
  {"state": "Kerala", "district": "Ponnani", "lat": 10.7669, "lon": 75.9252},
  {"state": "Kerala", "district": "Nedumangad", "lat": 8.6025, "lon": 77.0014},
  {"state": "Punjab", "district": "Ludhiana", "lat": 30.9010, "lon": 75.8573},
  {"state": "Punjab", "district": "Amritsar", "lat": 31.6340, "lon": 74.8723},
  {"state": "Punjab", "district": "Jalandhar", "lat": 31.3260, "lon": 75.5762},
  {"state": "Punjab", "district": "Patiala", "lat": 30.3398, "lon": 76.3869},
  {"state": "Punjab", "district": "Bathinda", "lat": 30.2070, "lon": 74.9455},
  {"state": "Haryana", "district": "Gurgaon", "lat": 28.4089, "lon": 77.0378},
  {"state": "Haryana", "district": "Faridabad", "lat": 28.4089, "lon": 77.3178},
  {"state": "Haryana", "district": "Panipat", "lat": 29.3909, "lon": 76.9635},
  {"state": "Haryana", "district": "Ambala", "lat": 30.3782, "lon": 76.7767},
  {"state": "Haryana", "district": "Rohtak", "lat": 28.8955, "lon": 76.6066},
  {"state": "Bihar", "district": "Patna", "lat": 25.5941, "lon": 85.1376},
  {"state": "Bihar", "district": "Gaya", "lat": 24.7969, "lon": 84.9914},
  {"state": "Bihar", "district": "Bhagalpur", "lat": 25.2445, "lon": 86.9718},
  {"state": "Bihar", "district": "Muzaffarpur", "lat": 26.1209, "lon": 85.3647},
  {"state": "Bihar", "district": "Purnia", "lat": 25.7773, "lon": 87.4750},
  {"state": "Odisha", "district": "Bhubaneswar", "lat": 20.2961, "lon": 85.8245},
  {"state": "Odisha", "district": "Cuttack", "lat": 20.4625, "lon": 85.8829},
  {"state": "Odisha", "district": "Rourkela", "lat": 22.2604, "lon": 84.8536},
  {"state": "Odisha", "district": "Berhampur", "lat": 19.3149, "lon": 84.7941},
  {"state": "Odisha", "district": "Sambalpur", "lat": 21.4701, "lon": 83.9701}
]
